<?xml version="1.0" encoding="UTF-8" standalone="no"?>
<endpoints xmlns="http://xml.netbeans.org/schema/endPoints" xmlns:xsi="http://www.w3.org/2001/XMLSchema-instance" xsi:schemaLocation="http://xml.netbeans.org/schema/endPoints endPoints.xsd">
    <project>
        <name>CA_Tiendita</name>
        <version>1.0</version>
        <description>description</description>
    </project>
    <team>
        <name>unknown team</name>
        <contact>no contact provided</contact>
    </team>
    <endpoint>
        <type>provider</type>
        <endpoint-name>TienditaInterfacePortTypeRole_myRole</endpoint-name>
        <service-name>
            <namespace>http://enterprise.netbeans.org/bpel/BPEL_Tiendita/BPEL_Tiendita</namespace>
            <localname>PL_Cliente</localname>
        </service-name>
        <interface-name>
            <namespace>http://j2ee.netbeans.org/wsdl/BPEL_Tiendita/src/TienditaInterface</namespace>
            <localname>TienditaInterfacePortType</localname>
        </interface-name>
        <description>description of the service provided or consumed through this endPoint</description>
    </endpoint>
    <endpoint>
        <type>consumer</type>
        <endpoint-name>WSPedidoRole_partnerRole</endpoint-name>
        <service-name>
            <namespace>http://enterprise.netbeans.org/bpel/BPEL_Tiendita/BPEL_Tiendita</namespace>
            <localname>PL_Almacen</localname>
        </service-name>
        <interface-name>
            <namespace>http://wspedido/</namespace>
            <localname>WSPedido</localname>
        </interface-name>
        <description>description of the service provided or consumed through this endPoint</description>
    </endpoint>
    <endpoint>
        <type>consumer</type>
        <endpoint-name>WS_Solicita_AutorizacionRole_partnerRole</endpoint-name>
        <service-name>
            <namespace>http://enterprise.netbeans.org/bpel/BPEL_Tiendita/BPEL_Tiendita</namespace>
            <localname>PL_Credito</localname>
        </service-name>
        <interface-name>
            <namespace>http://ws_solicita_autorizacion/</namespace>
            <localname>WS_Solicita_Autorizacion</localname>
        </interface-name>
        <description>description of the service provided or consumed through this endPoint</description>
    </endpoint>
    <endpoint>
        <type>consumer</type>
        <endpoint-name>WS_MensajeriaRole_partnerRole</endpoint-name>
        <service-name>
            <namespace>http://enterprise.netbeans.org/bpel/BPEL_Tiendita/BPEL_Tiendita</namespace>
            <localname>PL_Mensajeria</localname>
        </service-name>
        <interface-name>
            <namespace>http://ws_mensajeria/</namespace>
            <localname>WS_Mensajeria</localname>
        </interface-name>
        <description>description of the service provided or consumed through this endPoint</description>
    </endpoint>
</endpoints>
